<?xml version="1.0" encoding="utf-8"?>
<openerp>
    <data>

        <record id="eu_wo_finland" model="res.country.group">
            <field name="name">EU w/o Finland</field>
            <field name="country_ids" eval="[(6, 0, [
                ref('base.at'),ref('base.be'),ref('base.bg'),ref('base.hr'),
                ref('base.cy'),ref('base.cz'),ref('base.dk'),ref('base.ee'),
                ref('base.fr'),ref('base.de'),ref('base.gr'),ref('base.hu'),
                ref('base.ie'),ref('base.it'),ref('base.lv'),ref('base.lt'),
                ref('base.lu'),ref('base.mt'),ref('base.nl'),ref('base.pl'),
                ref('base.pt'),ref('base.ro'),ref('base.sk'),ref('base.si'),
                ref('base.es'),ref('base.se'),ref('base.uk')])]"/>
        </record>


        <!--=== Normal VAT ===-->
        <record id="fiscal_position_with_vat"
                model="account.fiscal.position.template">
            <field name="name">Subject to VAT</field>
            <field name="chart_template_id" ref="chart_template_fi_rapko"/>
            <field name="country_id" ref="base.fi"/>
        </record>


        <!--=== EU intra-community ===-->
        <record id="fiscal_position_eu_intracommunity"
                model="account.fiscal.position.template">
            <field name="name">Intra-Community</field>
            <field name="chart_template_id" ref="chart_template_fi_rapko"/>
            <field name="country_group_id" ref="eu_wo_finland"/>
        </record>

        <!-- Sales 24 % -> Intra-Community Goods & Services -->
        <record id="account_fiscal_position_tax_eu_intracommunity_s24g"
                model="account.fiscal.position.tax.template">
            <field name="position_id" ref="fiscal_position_eu_intracommunity"/>
            <field name="tax_src_id" ref="sales_vat24"/>
            <field name="tax_dest_id" ref="sales_vat_ic_goods"/>
            <field name="product_type">goods</field>
        </record>
        <record id="account_fiscal_position_tax_eu_intracommunity_s24s"
                model="account.fiscal.position.tax.template">
            <field name="position_id" ref="fiscal_position_eu_intracommunity"/>
            <field name="tax_src_id" ref="sales_vat24"/>
            <field name="tax_dest_id" ref="sales_vat_ic_services"/>
            <field name="product_type">service</field>
        </record>

        <!-- Sales 14 % -> Intra-Community Goods & Services -->
        <record id="account_fiscal_position_tax_eu_intracommunity_s14g"
                model="account.fiscal.position.tax.template">
            <field name="position_id" ref="fiscal_position_eu_intracommunity"/>
            <field name="tax_src_id" ref="sales_vat14"/>
            <field name="tax_dest_id" ref="sales_vat_ic_goods"/>
            <field name="product_type">goods</field>
        </record>
        <record id="account_fiscal_position_tax_eu_intracommunity_s14s"
                model="account.fiscal.position.tax.template">
            <field name="position_id" ref="fiscal_position_eu_intracommunity"/>
            <field name="tax_src_id" ref="sales_vat14"/>
            <field name="tax_dest_id" ref="sales_vat_ic_services"/>
            <field name="product_type">service</field>
        </record>

        <!-- Sales 10 % -> Intra-Community Goods & Services -->
        <record id="account_fiscal_position_tax_eu_intracommunity_s10g"
                model="account.fiscal.position.tax.template">
            <field name="position_id" ref="fiscal_position_eu_intracommunity"/>
            <field name="tax_src_id" ref="sales_vat10"/>
            <field name="tax_dest_id" ref="sales_vat_ic_goods"/>
            <field name="product_type">goods</field>
        </record>
        <record id="account_fiscal_position_tax_eu_intracommunity_s10s"
                model="account.fiscal.position.tax.template">
            <field name="position_id" ref="fiscal_position_eu_intracommunity"/>
            <field name="tax_src_id" ref="sales_vat10"/>
            <field name="tax_dest_id" ref="sales_vat_ic_services"/>
            <field name="product_type">service</field>
        </record>

        <!-- Purchase 24 % -> 0 % Goods & Services -->
        <record id="account_fiscal_position_tax_eu_intracommunity_p24g"
                model="account.fiscal.position.tax.template">
            <field name="position_id" ref="fiscal_position_eu_intracommunity"/>
            <field name="tax_src_id" ref="purchase_vat24"/>
            <field name="tax_dest_id" ref="purchase_vat_ic_goods_24"/>
            <field name="product_type">goods</field>
        </record>
        <record id="account_fiscal_position_tax_eu_intracommunity_p24s"
                model="account.fiscal.position.tax.template">
            <field name="position_id" ref="fiscal_position_eu_intracommunity"/>
            <field name="tax_src_id" ref="purchase_vat24"/>
            <field name="tax_dest_id" ref="purchase_vat_ic_services_24"/>
            <field name="product_type">service</field>
        </record>

        <!-- Purchase 14 % -> 0 % Goods & Services -->
        <record id="account_fiscal_position_tax_eu_intracommunity_p14g"
                model="account.fiscal.position.tax.template">
            <field name="position_id" ref="fiscal_position_eu_intracommunity"/>
            <field name="tax_src_id" ref="purchase_vat14"/>
            <field name="tax_dest_id" ref="purchase_vat_ic_goods_14"/>
            <field name="product_type">goods</field>
        </record>
        <record id="account_fiscal_position_tax_eu_intracommunity_p14s"
                model="account.fiscal.position.tax.template">
            <field name="position_id" ref="fiscal_position_eu_intracommunity"/>
            <field name="tax_src_id" ref="purchase_vat14"/>
            <field name="tax_dest_id" ref="purchase_vat_ic_services_14"/>
            <field name="product_type">service</field>
        </record>

        <!-- Purchase 10 % -> 0 % Goods & Services -->
        <record id="account_fiscal_position_tax_eu_intracommunity_p10g"
                model="account.fiscal.position.tax.template">
            <field name="position_id" ref="fiscal_position_eu_intracommunity"/>
            <field name="tax_src_id" ref="purchase_vat10"/>
            <field name="tax_dest_id" ref="purchase_vat_ic_goods_10"/>
            <field name="product_type">goods</field>
        </record>
        <record id="account_fiscal_position_tax_eu_intracommunity_p10s"
                model="account.fiscal.position.tax.template">
            <field name="position_id" ref="fiscal_position_eu_intracommunity"/>
            <field name="tax_src_id" ref="purchase_vat10"/>
            <field name="tax_dest_id" ref="purchase_vat_ic_services_10"/>
            <field name="product_type">service</field>
        </record>

        <!-- EU Intra-Community Account Mappings -->
        <record id="account_fiscal_position_account_eu_intracommunity_ss"
                model="account.fiscal.position.account.template">
            <field name="position_id" ref="fiscal_position_eu_intracommunity"/>
            <field name="account_src_id" ref="a300000"/>
            <field name="account_dest_id" ref="a302200"/>
            <field name="product_type">service</field>
        </record>
        <record id="account_fiscal_position_account_eu_intracommunity_sg"
                model="account.fiscal.position.account.template">
            <field name="position_id" ref="fiscal_position_eu_intracommunity"/>
            <field name="account_src_id" ref="a300000"/>
            <field name="account_dest_id" ref="a302100"/>
            <field name="product_type">goods</field>
        </record>
        <record id="account_fiscal_position_account_eu_intracommunity_ps"
                model="account.fiscal.position.account.template">
            <field name="position_id" ref="fiscal_position_eu_intracommunity"/>
            <field name="account_src_id" ref="a4000"/>
            <field name="account_dest_id" ref="a4720"/>
            <field name="product_type">service</field>
        </record>
        <record id="account_fiscal_position_account_eu_intracommunity_pg"
                model="account.fiscal.position.account.template">
            <field name="position_id" ref="fiscal_position_eu_intracommunity"/>
            <field name="account_src_id" ref="a4000"/>
            <field name="account_dest_id" ref="a4020"/>
            <field name="product_type">goods</field>
        </record>


        <!--=== Export / Import ===-->
        <!-- TODO -->


    </data>
</openerp>